requirement_id,implementation_status,code_reference,test_reference,acceptance_evidence,notes,last_updated
GOV-001,IMPLEMENTED,"docs/source; docs/IMPLEMENTATION_STATUS.md",DQ-P0-REQ-001,reports/gates/PHASE_0_GATE_REPORT.md,"Living Context is separated from the immutable package; 01 remains a recorded baseline omission.",2026-08-15
GOV-002,IMPLEMENTED,"AGENTS.md; docs/source/13_MASS_PRODUCTION_QUALITY_VALIDATION_CODEX_MASTER_IMPLEMENTATION_SPEC.md",DQ-P0-REQ-001,reports/gates/PHASE_0_GATE_REPORT.md,"Current-conversation override is recorded; continuing operational contract remains cross-phase.",2026-08-15
GOV-003,IMPLEMENTED,"AGENTS.md; docs/IMPLEMENTATION_STATUS.md",DQ-P0-REQ-001,reports/gates/PHASE_0_GATE_REPORT.md,"Decision boundary is recorded; continuing operational contract remains cross-phase.",2026-08-15
GOV-004,IN_PROGRESS,"backend/app/domain/ai_mapping.py; backend/app/application/ai_mapping_candidate.py; backend/app/domain/data_review.py; backend/app/application/data_review.py",DQ-P1-AIMAP-006;DQ-P1-AIMAP-008;DQ-P1-AIMAP-011;DQ-P1-DSTAT-002,reports/gates/PHASE_1_GATE_REPORT.md,"AI hints remain untrusted and an approved-Master Spec judgment is stored separately from data trust status; fact/inference UI labels remain unimplemented.",2026-08-15
GOV-007,IN_PROGRESS,"backend/app/domain/audit.py; backend/app/infrastructure/audit.py; backend/app/application/bulk_finalization.py; backend/app/infrastructure/bulk_finalization.py; backend/app/application/result_replacement.py; backend/app/infrastructure/result_replacement.py; backend/migrations/versions/0007_persist_bulk_finalization.py; backend/migrations/versions/0008_persist_result_replacement_chain.py",DQ-P0-MIG-002;DQ-P0-AUDIT-001;DQ-P1-MAP-011;DQ-P1-MASTER-009;DQ-P1-DSTAT-009;DQ-P2-BULKFINAL-006;DQ-P2-REPL-003;DQ-P2-REPL-005;DQ-P2-REPL-008;DQ-P2-REPL-009;DQ-P2-REPL-010,reports/gates/PHASE_2_GATE_REPORT.md,"Mapping, Master, data-status, explicit Bulk-finalization, and explicit paired-replacement mutations use CAS-protected atomic Audit decisions; other cross-phase histories remain incomplete.",2026-08-16
GOV-008,IN_PROGRESS,"backend/app/domain/identity.py; backend/app/application/mapping_template_commands.py; backend/app/application/mapping_registration.py; backend/app/api/mapping.py; backend/app/application/configuration_workflow.py; backend/app/api/configuration.py; backend/app/application/data_review.py; backend/app/application/data_review_workflow.py; backend/app/api/data_review.py; backend/app/application/result_replacement.py; backend/app/api/result_replacement.py; frontend/src/MappingWorkspacePanel.tsx; frontend/src/ConfigurationWorkspacePanel.tsx; frontend/src/HistoricalWorkspacePanel.tsx; frontend/src/api/replacement.ts; backend/app/application/master_config_commands.py; backend/app/domain/ai_mapping.py",DQ-P0-IDENTITY-001;DQ-P1-MAP-011;DQ-P1-MAP-013;DQ-P1-AIMAP-006;DQ-P1-MASTER-002;DQ-P1-MASTER-003;DQ-P1-MASTER-005;DQ-P1-MASTER-006;DQ-P1-DSTAT-003;DQ-P1-DSTAT-004;DQ-P1-MAPUI-006;DQ-P1-MAPUI-007;DQ-P1-MAPUI-009;DQ-P1-DSTATUI-005;DQ-P1-CFGUI-005;DQ-P1-CFGUI-008;DQ-P1-CFGUI-010;DQ-P2-REPL-006;DQ-P2-REPLUI-001;DQ-P2-REPLUI-002,reports/gates/PHASE_2_GATE_REPORT.md,"The local UI keeps Reviewer and Admin actions separate; paired replacement requires a confirmed ADMIN command and rejects forged, stale, or cross-project evidence; production authentication remains incomplete.",2026-08-16
GOV-009,VERIFIED,"requirements/PHASE_0_1_GATE_SCOPE.csv; scripts/check_requirements.py",DQ-P0-REQ-001,reports/gates/PHASE_0_GATE_REPORT.md,"Phase 0 closed with 333 immutable baseline IDs plus 9 amendments; the current integrity Gate verifies the same baseline plus 13 Living amendments.",2026-08-15
GOV-010,VERIFIED,"backend/app/config.py; backend/app/main.py; backend/app/version.py",DQ-P0-NAME-001,reports/gates/PHASE_0_GATE_REPORT.md,"New runtime artifacts use the official Mass Production Quality Validation name.",2026-08-15
GOV-011,IMPLEMENTED,"docs/source/13_MASS_PRODUCTION_QUALITY_VALIDATION_CODEX_MASTER_IMPLEMENTATION_SPEC.md; docs/IMPLEMENTATION_STATUS.md",DQ-P0-NAME-001,reports/gates/PHASE_0_GATE_REPORT.md,"Legacy baseline wording is interpreted by the Living override; the rule remains cross-phase.",2026-08-15
GOV-012,IMPLEMENTED,"README.md; docs/IMPLEMENTATION_STATUS.md",DQ-P0-REQ-001,reports/gates/PHASE_0_GATE_REPORT.md,"Product definition is retained; business capability delivery remains future-phase work.",2026-08-15
ARC-020,VERIFIED,"docs/adr/0001-reference-stack.md; backend/app/infrastructure/database.py; scripts/Bootstrap.ps1",DQ-P0-BOOT-001;DQ-P0-HEALTH-001;DQ-P0-MIG-001,reports/gates/PHASE_0_GATE_REPORT.md,"Clean Python 3.12 bootstrap, SQLite migration, readiness and Windows Gate passed.",2026-08-15
EXC-001,VERIFIED,backend/app/domain/scope.py,DQ-P0-SCOPE-001,reports/gates/PHASE_0_GATE_REPORT.md,"Photo AI analysis is excluded; workbook images may retain location metadata only.",2026-08-15
EXC-002,VERIFIED,backend/app/domain/scope.py,DQ-P0-SCOPE-001,reports/gates/PHASE_0_GATE_REPORT.md,"Measurement-device serial and calibration-certificate management is excluded.",2026-08-15
EXC-003,VERIFIED,backend/app/domain/scope.py,DQ-P0-SCOPE-001,reports/gates/PHASE_0_GATE_REPORT.md,"Supplier response-speed scoring is excluded.",2026-08-15
EXC-004,VERIFIED,backend/app/domain/scope.py,DQ-P0-SCOPE-001,reports/gates/PHASE_0_GATE_REPORT.md,"Supplier email auto-send is excluded.",2026-08-15
EXC-005,VERIFIED,backend/app/domain/scope.py,DQ-P0-SCOPE-001,reports/gates/PHASE_0_GATE_REPORT.md,"Automatic shipment Hold is excluded.",2026-08-15
EXC-006,VERIFIED,backend/app/domain/scope.py,DQ-P0-SCOPE-001,reports/gates/PHASE_0_GATE_REPORT.md,"Automatic Master Spec change is excluded.",2026-08-15
EXC-007,VERIFIED,backend/app/domain/scope.py,DQ-P0-SCOPE-001,reports/gates/PHASE_0_GATE_REPORT.md,"Automatic supply-ratio decision is excluded.",2026-08-15
EXC-008,VERIFIED,backend/app/domain/scope.py,DQ-P0-SCOPE-001,reports/gates/PHASE_0_GATE_REPORT.md,"Claim-based market no-issue scoring is excluded.",2026-08-15
ARC-007,IN_PROGRESS,"backend/app/application/bulk_import.py; backend/app/application/bulk_finalization.py; backend/app/infrastructure/bulk_import.py; backend/app/infrastructure/bulk_finalization.py; backend/app/api/bulk_finalization.py; backend/app/application/result_replacement.py; backend/app/infrastructure/result_replacement.py; backend/migrations/versions/0007_persist_bulk_finalization.py; backend/migrations/versions/0008_persist_result_replacement_chain.py",DQ-P1-LDB-004;DQ-P1-LDB-005;DQ-P2-BULK-008;DQ-P2-BULK-009;DQ-P2-BULKFINAL-005;DQ-P2-BULKFINAL-006;DQ-P2-REPL-007,reports/gates/PHASE_2_GATE_REPORT.md,"Durable Bulk, batch-finalization, and result-replacement flows support idempotent replay, bounded recovery, and restart; replacement replay rejects branch, merge, and cycle attempts, while Scheduler queue retry remains Phase 5.",2026-08-16
ARC-008,IN_PROGRESS,"backend/app/application/bulk_import.py; backend/app/application/bulk_finalization.py; backend/app/application/long_workflow.py; backend/app/infrastructure/long_format.py; backend/migrations/versions/0007_persist_bulk_finalization.py",DQ-P1-LONG-006;DQ-P1-LDB-001;DQ-P1-LONGUI-004;DQ-P2-BULKFINAL-001;DQ-P2-BULKFINAL-002,reports/gates/PHASE_2_GATE_REPORT.md,"Initial Bulk scan persists an authenticated prepared Long basis and explicit finalization materializes PENDING/HELD without reopening Excel; later analytics reuse remains incomplete.",2026-08-16
ARC-017,IMPLEMENTED,"backend/app/infrastructure/file_store/original.py; backend/app/infrastructure/excel/workbook_scanner.py",DQ-P1-FSTORE-001;DQ-P1-SCAN-001,reports/gates/PHASE_1_GATE_REPORT.md,"Source and stored original are opened read-only and hash-checked before/after processing.",2026-08-15
ARC-018,IMPLEMENTED,backend/app/infrastructure/excel/workbook_scanner.py,DQ-P1-SCAN-005,reports/gates/PHASE_1_GATE_REPORT.md,"openpyxl is invoked with keep_vba=False; macro-capable inputs are warning-only and never executed.",2026-08-15
ARC-019,IMPLEMENTED,"backend/app/domain/workbook_scan.py; backend/app/infrastructure/excel/workbook_scanner.py",DQ-P1-SCAN-005,reports/gates/PHASE_1_GATE_REPORT.md,"Only anchor/size/format metadata is returned; bytes and analysis flags remain false.",2026-08-15
ARC-027,DEFERRED_BY_PHASE,"backend/app/domain/ai_mapping.py; docs/adr/0003-offline-ai-mapping-candidate-boundary.md",DQ-P1-AIMAP-012,reports/gates/PHASE_1_GATE_REPORT.md,"The offline contract records Qwen3.5-33B as runtime-unverified and contains no endpoint/key; shared Scheduler profile and Secret Store handoff remain Phase 5.",2026-08-15
ING-001,IMPLEMENTED,backend/app/infrastructure/excel/workbook_scanner.py,DQ-P1-SCAN-001,reports/gates/PHASE_1_GATE_REPORT.md,"Visible, hidden, veryHidden and chart sheets are discovered without user range selection.",2026-08-15
ING-002,IN_PROGRESS,"backend/app/infrastructure/excel/workbook_scanner.py; backend/app/domain/mapping.py; backend/app/application/mapping_preview.py; backend/app/application/long_persistence.py; backend/app/infrastructure/long_format.py; backend/tests/test_korean_oqc_data_engine.py",DQ-P1-SCAN-001;DQ-P1-MAP-008;DQ-P1-MAP-009;DQ-P1-LDB-001;DQ-P1-LDB-002;DQ-P1-KOQC-001,reports/gates/PHASE_1_GATE_REPORT.md,"All sheets plus six configured rows and 48 sample cells are collected from the Korean synthetic baseline; full automatic parsing and Golden loading remain incomplete.",2026-08-15
ING-029,IN_PROGRESS,"backend/app/domain/workbook_scan.py; backend/app/infrastructure/excel/workbook_scanner.py; backend/app/domain/mapping.py; backend/app/domain/long_format.py; backend/app/application/long_candidate.py; backend/app/infrastructure/long_format.py",DQ-P1-SCAN-004;DQ-P1-MAP-001;DQ-P1-LONG-001;DQ-P1-LONG-005;DQ-P1-LDB-001;DQ-P1-LDB-002,reports/gates/PHASE_1_GATE_REPORT.md,"Stored value, cache, formula, number format and display status persist without cache trust; true Excel rendered display text remains NOT_RENDERED.",2026-08-15
ING-031,IN_PROGRESS,"backend/app/infrastructure/excel/workbook_scanner.py; backend/app/application/mapping_preview.py",DQ-P1-SCAN-002;DQ-P1-MAP-004,reports/gates/PHASE_1_GATE_REPORT.md,"Structural changes fail closed; full deterministic row semantic classification remains incomplete.",2026-08-15
ING-032,IMPLEMENTED,backend/app/infrastructure/excel/workbook_scanner.py,DQ-P1-SCAN-002,reports/gates/PHASE_1_GATE_REPORT.md,"Hidden sheet states and hidden row/column ranges are included in scan evidence.",2026-08-15
ING-034,IN_PROGRESS,"backend/app/infrastructure/excel/workbook_scanner.py; backend/app/domain/mapping.py; backend/app/application/mapping_preview.py; backend/app/domain/long_format.py; backend/app/application/long_candidate.py; backend/app/infrastructure/long_format.py",DQ-P1-SCAN-003;DQ-P1-MAP-005;DQ-P1-MAP-006;DQ-P1-LONG-001;DQ-P1-LONG-005;DQ-P1-LDB-001;DQ-P1-LDB-002;DQ-P1-LDB-007,reports/gates/PHASE_1_GATE_REPORT.md,"Mapped source roles and supplier claims persist separately, while DB constraints prohibit system judgment; official semantic classification remains incomplete.",2026-08-15
ING-035,IN_PROGRESS,"backend/app/infrastructure/excel/workbook_scanner.py; backend/app/application/mapping_preview.py; backend/app/application/long_candidate.py; backend/app/infrastructure/long_format.py",DQ-P1-SCAN-003;DQ-P1-SCAN-006;DQ-P1-MAP-001;DQ-P1-LONG-005;DQ-P1-LDB-002,reports/gates/PHASE_1_GATE_REPORT.md,"Actual external/broken/missing-cache warnings persist at exact cells, plain-text #REF! mentions stay text, and formula caches are never projected as raw measurements; refresh workflow remains future work.",2026-08-15
ING-037,IMPLEMENTED,backend/app/infrastructure/excel/workbook_scanner.py,DQ-P1-SCAN-005,reports/gates/PHASE_1_GATE_REPORT.md,"Protection metadata is observed without password collection, unlock, or bypass.",2026-08-15
ING-038,IN_PROGRESS,"backend/app/infrastructure/excel/workbook_scanner.py; backend/app/application/mapping_preview.py",DQ-P1-SCAN-005;DQ-P1-MAP-004,reports/gates/PHASE_1_GATE_REPORT.md,"Workbook/package and mapped-cell failures are explicit; every corrupt worksheet part is not yet mapped to a business Sheet name and range.",2026-08-15
ING-046,IMPLEMENTED,"backend/app/infrastructure/file_store/original.py; backend/app/application/manual_ingestion.py; backend/app/application/bulk_import.py; backend/app/infrastructure/bulk_import.py; backend/app/api/bulk.py; frontend/src/BulkWorkspacePanel.tsx",DQ-P1-FSTORE-001;DQ-P1-FSTORE-004;DQ-P1-ROUTE-002;DQ-P1-ROUTE-004;DQ-P1-ROUTE-005;DQ-P1-ROUTE-008;DQ-P1-LDB-006;DQ-P1-UIINTAKE-001;DQ-P1-UIINTAKE-004;DQ-P1-UIINTAKE-007;DQ-P2-BULK-001;DQ-P2-BULK-004;DQ-P2-BULK-006;DQ-P2-BULK-009;DQ-P2-BULKUI-004,reports/gates/PHASE_2_GATE_REPORT.md,"Read-only originals and distinct receipt history survive multi-file staging, scan/Mapping holds, duplicate classification, retry, restart, and safe rejection.",2026-08-15
ING-047,IMPLEMENTED,"backend/app/infrastructure/long_format.py; backend/app/application/bulk_import.py; backend/app/application/historical_comparison.py; backend/app/api/historical_comparison.py; frontend/src/HistoricalWorkspacePanel.tsx",DQ-P1-FSTORE-002;DQ-P1-LONG-001;DQ-P1-LDB-007;DQ-P1-MAPV2-005;DQ-P2-BULK-001;DQ-P2-BULK-002;DQ-P2-HIST-002;DQ-P2-HIST-003,reports/gates/PHASE_2_GATE_REPORT.md,"Receipt, source Cell/raw evidence, Mapping/Binding, applied Master, candidate, and decision proof remain bounded and traceable through historical comparison.",2026-08-16
ING-049,IN_PROGRESS,"backend/app/application/manual_ingestion.py; backend/app/application/store_scan_mapping.py; backend/app/application/intake_jobs.py; backend/app/api/intake.py; backend/app/main.py; frontend/src/App.tsx",DQ-P1-ROUTE-001;DQ-P1-ROUTE-003;DQ-P1-UIINTAKE-001;DQ-P1-UIINTAKE-006;DQ-P1-UIINTAKE-007,reports/gates/PHASE_1_GATE_REPORT.md,"Korean local UI and restartable asynchronous API support canonical manual single-file intake; the job screen is process-local and historical bulk registration remains Phase 2.",2026-08-15
GOV-005,IN_PROGRESS,"backend/app/api/bulk_finalization.py; backend/app/api/historical_comparison.py; backend/app/api/result_replacement.py; frontend/src/BulkWorkspacePanel.tsx; frontend/src/HistoricalWorkspacePanel.tsx; frontend/src/api/replacement.ts",DQ-P1-MAPUI-001;DQ-P1-LONGUI-001;DQ-P1-DSTATUI-001;DQ-P2-BULKFINALUI-001;DQ-P2-BULKFINALUI-002;DQ-P2-BULKFINALUI-003;DQ-P2-HISTUI-001;DQ-P2-HISTUI-002;DQ-P2-REPLUI-001;DQ-P2-REPLUI-002,reports/gates/PHASE_2_GATE_REPORT.md,"The Korean UI displays exact batch-finalization, historical source/revision, and paired-replacement evidence in addition to Mapping, Long, and data review; Golden user acceptance remains incomplete.",2026-08-16
ARC-014,IN_PROGRESS,"backend/app/domain/ai_mapping.py; backend/app/application/ai_mapping_candidate.py; backend/app/application/mapping_workspace.py; frontend/src/MappingWorkspacePanel.tsx; docs/adr/0003-offline-ai-mapping-candidate-boundary.md",DQ-P1-AIMAP-001;DQ-P1-AIMAP-002;DQ-P1-AIMAP-003;DQ-P1-AIMAP-008;DQ-P1-MAPUI-001,reports/gates/PHASE_1_GATE_REPORT.md,"The exact-cell manual review path works with AI NOT_CALLED; provider hints remain bounded and no live adapter or measured model accuracy exists.",2026-08-15
ARC-015,IN_PROGRESS,"backend/app/domain/mapping.py; backend/app/domain/long_format.py; backend/app/domain/master_config.py; backend/app/domain/data_review.py; backend/app/application/data_review.py; backend/app/infrastructure/data_review.py",DQ-P1-MAP-005;DQ-P1-LONG-005;DQ-P1-LDB-007;DQ-P1-AIMAP-005;DQ-P1-MAPV2-007;DQ-P1-MASTER-010;DQ-P1-DSTAT-001;DQ-P1-DSTAT-002;DQ-P1-DSTAT-003,reports/gates/PHASE_1_GATE_REPORT.md,"Approved numeric Master limits are compared by deterministic code while AI, supplier judgment, and data trust remain separate; statistics and later rule engines remain unimplemented.",2026-08-15
ARC-016,IN_PROGRESS,"backend/app/domain/ai_mapping.py; backend/app/application/ai_mapping_candidate.py; backend/app/application/mapping_workspace.py",DQ-P1-AIMAP-004;DQ-P1-AIMAP-010;DQ-P1-MAPUI-001;DQ-P1-MAPUI-004,reports/gates/PHASE_1_GATE_REPORT.md,"Manual and approved Mapping Preview both run with AI NOT_CALLED; live provider failure acceptance remains unverified.",2026-08-15
CFG-004,IN_PROGRESS,"backend/app/domain/mapping.py; backend/app/domain/master_config.py; backend/app/domain/data_review.py; backend/app/application/data_review.py; backend/app/application/data_review_workflow.py; backend/app/api/data_review.py; backend/app/infrastructure/data_review.py; frontend/src/MappingWorkspacePanel.tsx",DQ-P1-MAP-005;DQ-P1-LONG-005;DQ-P1-MAPV2-003;DQ-P1-MASTER-003;DQ-P1-MASTER-010;DQ-P1-DSTAT-001;DQ-P1-DSTAT-002;DQ-P1-DSTATUI-002,reports/gates/PHASE_1_GATE_REPORT.md,"Supplier-stated Spec remains immutable evidence while the UI separates approved-Master PASS/FAIL comparison from data trust; actual company Master and qualitative rules remain absent.",2026-08-15
CFG-011,IN_PROGRESS,"backend/app/domain/mapping.py; backend/app/application/mapping_preview.py; backend/app/domain/long_format.py; backend/app/infrastructure/long_format.py",DQ-P1-MAPV2-002,reports/gates/PHASE_1_GATE_REPORT.md,"Mapping schema v2 preserves exact source cells for part name, production date, and current/cumulative shipment quantities; actual required-field configuration and Golden acceptance remain incomplete.",2026-08-15
ING-008,IN_PROGRESS,"backend/app/application/mapping_preview.py; backend/app/application/store_scan_mapping.py; scripts/build_korean_oqc_samples.py",DQ-P1-MAP-004;DQ-P1-ROUTE-005;DQ-P1-AIMAP-007,reports/gates/PHASE_1_GATE_REPORT.md,"Five Korean synthetic OQC scenarios expose reuse/change/ambiguity/error structures; full target classification is not implemented.",2026-08-15
ING-009,IN_PROGRESS,"backend/app/domain/mapping.py; backend/app/application/mapping_preview.py; backend/app/application/store_scan_mapping.py; backend/app/application/mapping_workspace.py; backend/app/application/mapping_registration.py; backend/app/api/mapping.py; frontend/src/MappingWorkspacePanel.tsx; backend/app/application/ai_mapping_candidate.py",DQ-P1-MAP-001;DQ-P1-ROUTE-003;DQ-P1-AIMAP-002;DQ-P1-MAPUI-001;DQ-P1-MAPUI-005,reports/gates/PHASE_1_GATE_REPORT.md,"The Korean UI persists a server-validated first Mapping Draft from explicit exact-cell role selections; later revision editing remains incomplete.",2026-08-15
ING-010,IN_PROGRESS,"backend/app/domain/mapping.py; backend/app/application/mapping_preview.py; backend/app/application/mapping_template_commands.py; backend/app/application/mapping_registration.py; backend/app/api/mapping.py; backend/app/infrastructure/mapping_templates.py; frontend/src/MappingWorkspacePanel.tsx; backend/app/domain/ai_mapping.py",DQ-P1-MAP-001;DQ-P1-MAP-011;DQ-P1-MAP-013;DQ-P1-ROUTE-003;DQ-P1-AIMAP-006;DQ-P1-MAPUI-005;DQ-P1-MAPUI-006;DQ-P1-MAPUI-007;DQ-P1-MAPUI-009,reports/gates/PHASE_1_GATE_REPORT.md,"The local UI requires explicit Draft, Reviewer, and Admin actions and rejects direct or forged approval; Golden user confirmation remains incomplete.",2026-08-15
ING-011,IN_PROGRESS,"backend/app/application/mapping_preview.py; backend/app/application/mapping_workspace.py; backend/app/application/mapping_registration.py; backend/app/infrastructure/mapping_templates.py; backend/app/infrastructure/file_store/original.py; backend/app/api/mapping.py; backend/app/application/store_scan_mapping.py; backend/app/application/long_persistence.py; frontend/src/MappingWorkspacePanel.tsx; backend/tests/test_korean_oqc_data_engine.py",DQ-P1-MAP-003;DQ-P1-MAP-008;DQ-P1-MAP-010;DQ-P1-MAP-012;DQ-P1-ROUTE-003;DQ-P1-ROUTE-007;DQ-P1-ROUTE-009;DQ-P1-LDB-001;DQ-P1-LDB-003;DQ-P1-LDB-004;DQ-P1-KOQC-002;DQ-P1-MAPV2-001;DQ-P1-MAPV2-004;DQ-P1-MAPUI-002;DQ-P1-MAPUI-004;DQ-P1-MAPUI-007,reports/gates/PHASE_1_GATE_REPORT.md,"Admin approval reloads a fresh persistent catalog and produces the exact same-Receipt UI Preview; real representative acceptance remains incomplete.",2026-08-15
ING-012,IN_PROGRESS,"backend/app/domain/mapping.py; backend/app/application/mapping_template_commands.py; backend/app/application/mapping_registration.py; backend/app/api/mapping.py; backend/app/infrastructure/mapping_templates.py; frontend/src/MappingWorkspacePanel.tsx; backend/migrations/versions/0002_persist_mapping_templates.py",DQ-P1-MAP-002;DQ-P1-MAP-010;DQ-P1-MAP-011;DQ-P1-MAP-012;DQ-P1-MAP-014;DQ-P1-MAP-015;DQ-P1-MAPUI-005;DQ-P1-MAPUI-006;DQ-P1-MAPUI-007,reports/gates/PHASE_1_GATE_REPORT.md,"Immutable revision creation, separate review and approval, effectivity, CAS, and Audit now have a local UI command path; later revision editing and production authentication remain incomplete.",2026-08-15
ING-015,IN_PROGRESS,"backend/app/application/mapping_preview.py; backend/app/application/long_candidate.py; backend/app/application/bulk_import.py; backend/app/domain/bulk_import.py; frontend/src/BulkWorkspacePanel.tsx",DQ-P1-MAP-004;DQ-P1-LONG-004;DQ-P1-KOQC-004;DQ-P2-BULK-003;DQ-P2-BULK-007;DQ-P2-BULKUI-002,reports/gates/PHASE_2_GATE_REPORT.md,"Bulk review separates bounded item, spec, method, sample, judgment, shipment, date, revision, part, and structure differences; actual Golden classification remains incomplete.",2026-08-15
ING-018,IN_PROGRESS,"backend/app/application/mapping_preview.py; backend/app/application/mapping_workspace.py; backend/app/application/bulk_import.py; backend/app/api/bulk.py; frontend/src/BulkWorkspacePanel.tsx",DQ-P1-MAP-004;DQ-P1-ROUTE-005;DQ-P1-ROUTE-006;DQ-P1-AIMAP-003;DQ-P1-AIMAP-007;DQ-P1-KOQC-003;DQ-P1-MAPUI-001;DQ-P1-MAPUI-008;DQ-P2-BULK-002;DQ-P2-BULK-003,reports/gates/PHASE_2_GATE_REPORT.md,"Bulk reuses only an approved exact Mapping fingerprint; changed or missing layouts remain review-required and never force the old Template.",2026-08-15
ING-019,IN_PROGRESS,"backend/app/domain/mapping.py; backend/app/application/mapping_preview.py; backend/app/application/store_scan_mapping.py; backend/app/domain/ai_mapping.py",DQ-P1-MAP-004;DQ-P1-ROUTE-005;DQ-P1-AIMAP-009,reports/gates/PHASE_1_GATE_REPORT.md,"AI confidence is display-only and partial/unresolved/warning-only results remain human-review holds; no auto-approval threshold exists.",2026-08-15
ING-024,IN_PROGRESS,"backend/app/domain/mapping.py; backend/app/domain/long_format.py; backend/app/application/long_candidate.py; backend/app/application/long_workflow.py; backend/app/api/long.py; backend/app/application/configuration_workflow.py; backend/app/api/configuration.py; backend/app/domain/ai_mapping.py; backend/app/domain/master_config.py; backend/app/infrastructure/master_config.py; frontend/src/MappingWorkspacePanel.tsx; frontend/src/ConfigurationWorkspacePanel.tsx",DQ-P1-MAP-008;DQ-P1-LONG-001;DQ-P1-LONG-003;DQ-P1-AIMAP-002;DQ-P1-MASTER-001;DQ-P1-MASTER-006;DQ-P1-LONGUI-002;DQ-P1-CFGUI-009,reports/gates/PHASE_1_GATE_REPORT.md,"User-approved supplier-scoped exact row bindings persist, reload after restart, and make matching Long rows loadable; fuzzy or automatic binding and Golden acceptance remain incomplete.",2026-08-15
ING-025,IN_PROGRESS,"backend/app/domain/mapping.py; backend/app/domain/long_format.py; backend/app/application/long_candidate.py; backend/app/application/ai_mapping_candidate.py; backend/app/domain/master_config.py; backend/app/infrastructure/master_config.py",DQ-P1-MAP-006;DQ-P1-LONG-001;DQ-P1-LONG-003;DQ-P1-AIMAP-003;DQ-P1-MAPV2-003;DQ-P1-MAPV2-006;DQ-P1-MASTER-006,reports/gates/PHASE_1_GATE_REPORT.md,"Method, unit, point, location, cavity, and source-row evidence remain distinct and exact versioned bindings do not auto-merge same-name rows.",2026-08-15
ING-020,IN_PROGRESS,"backend/app/domain/mapping.py; backend/app/domain/long_format.py; backend/app/application/long_candidate.py",DQ-P1-LONG-001;DQ-P1-LONG-004;DQ-P1-MAPV2-002,reports/gates/PHASE_1_GATE_REPORT.md,"Internal workbook model, part name/number, production date, shipment, and revision evidence is preserved; full canonical identification and Golden acceptance remain incomplete.",2026-08-15
ING-021,IN_PROGRESS,backend/app/application/long_candidate.py,DQ-P1-LONG-004,reports/gates/PHASE_1_GATE_REPORT.md,"Receipt model/LOT candidates are auxiliary and never override internal workbook evidence; mail-subject integration remains Phase 5.",2026-08-15
ING-022,IN_PROGRESS,backend/app/application/long_candidate.py,DQ-P1-LONG-004,reports/gates/PHASE_1_GATE_REPORT.md,"Internal MODEL/LOT versus preserved candidate conflicts are shown exactly and globally held; mail-subject evidence remains deferred.",2026-08-15
ING-028,IN_PROGRESS,"backend/app/domain/long_format.py; backend/app/application/long_candidate.py; backend/app/domain/data_review.py; backend/app/infrastructure/data_review.py",DQ-P1-LONG-005;DQ-P1-LDB-007;DQ-P1-MAPV2-006;DQ-P1-MAPV2-007;DQ-P1-DSTAT-005,reports/gates/PHASE_1_GATE_REPORT.md,"Missing, whitespace, alias, or unequal source units prevent evaluation and VALID without inference or conversion; configured conversion itself remains unimplemented.",2026-08-15
ING-044,IN_PROGRESS,"backend/app/application/long_candidate.py; backend/app/application/bulk_import.py; backend/app/domain/bulk_import.py",DQ-P1-LONG-004;DQ-P1-LDB-007;DQ-P2-BULK-005;DQ-P2-BULK-007,reports/gates/PHASE_2_GATE_REPORT.md,"Model, LOT, date, and revision conflicts stay typed review holds and are never selected implicitly; complete company conflict policy remains input-dependent.",2026-08-15
ING-045,IN_PROGRESS,"backend/app/application/bulk_import.py; backend/app/application/bulk_finalization.py; backend/app/api/bulk_finalization.py; frontend/src/HistoricalWorkspacePanel.tsx",DQ-P1-LONG-002;DQ-P1-LONG-003;DQ-P2-BULK-005;DQ-P2-BULKFINAL-003,reports/gates/PHASE_2_GATE_REPORT.md,"Held and exceptional files remain excluded with proof while the immutable eligible sibling set can be materialized PENDING/HELD in one command.",2026-08-16
CFG-001,IN_PROGRESS,"backend/app/domain/long_format.py; backend/app/application/long_candidate.py; backend/app/infrastructure/long_format.py; backend/app/domain/master_config.py; backend/app/application/configuration_workflow.py; backend/app/api/configuration.py; backend/app/infrastructure/master_config.py; frontend/src/ConfigurationWorkspacePanel.tsx",DQ-P1-LONG-004;DQ-P1-LONG-006;DQ-P1-LDB-005;DQ-P1-LDB-007;DQ-P1-MASTER-001;DQ-P1-CFGUI-001;DQ-P1-CFGUI-002,reports/gates/PHASE_1_GATE_REPORT.md,"The Korean setup UI creates and lists project-scoped canonical Model, ModelPart, Item, and Supplier identities without defaults; separate physical databases and actual company Master content remain external.",2026-08-15
CFG-002,IN_PROGRESS,"backend/app/domain/long_format.py; backend/app/application/long_candidate.py; backend/app/infrastructure/long_format.py; backend/app/domain/master_config.py; backend/app/application/master_config_commands.py; backend/app/infrastructure/master_config.py",DQ-P1-LONG-001;DQ-P1-LONG-003;DQ-P1-LDB-001;DQ-P1-LDB-003;DQ-P1-MASTER-001;DQ-P1-MASTER-006,reports/gates/PHASE_1_GATE_REPORT.md,"Project-scoped Model to ModelPart to InspectionItem hierarchy and versioned exact row binding persist; actual company Master identities remain input-dependent.",2026-08-15
CFG-017,IN_PROGRESS,"backend/app/application/long_candidate.py; backend/app/application/long_persistence.py; backend/app/application/master_config_commands.py; backend/app/application/configuration_workflow.py; backend/app/api/configuration.py; backend/app/domain/data_review.py; backend/app/application/data_review_workflow.py; backend/app/api/data_review.py; backend/app/infrastructure/data_review.py; frontend/src/MappingWorkspacePanel.tsx; frontend/src/ConfigurationWorkspacePanel.tsx",DQ-P1-LDB-003;DQ-P1-LDB-007;DQ-P1-AIMAP-009;DQ-P1-MASTER-002;DQ-P1-MASTER-006;DQ-P1-MASTER-010;DQ-P1-DSTAT-006;DQ-P1-DSTATUI-004;DQ-P1-CFGUI-003,reports/gates/PHASE_1_GATE_REPORT.md,"New items remain CANDIDATE until an explicit CAS-protected MANAGED/EXCLUDED decision; held items remain ineligible and no automatic VALID promotion exists.",2026-08-15
ING-023,IN_PROGRESS,"backend/app/domain/master_config.py; backend/app/application/configuration_workflow.py; backend/app/api/configuration.py; backend/app/infrastructure/master_config.py; frontend/src/ConfigurationWorkspacePanel.tsx",DQ-P1-MASTER-001;DQ-P1-MASTER-005;DQ-P1-MASTER-006;DQ-P1-CFGUI-007,reports/gates/PHASE_1_GATE_REPORT.md,"The Korean setup UI creates a provenance-bound first binding from one approved Mapping row to a canonical supplier/model-part/item hierarchy; a dedicated supplier part-name alias catalog remains incomplete.",2026-08-15
CFG-003,IN_PROGRESS,"backend/app/domain/master_config.py; backend/app/infrastructure/master_config.py",DQ-P1-MASTER-001,reports/gates/PHASE_1_GATE_REPORT.md,"Supplier is persisted as an independent project-scoped comparison axis and is not a Model-Part-Item parent; later comparison and evaluation behavior is not implemented.",2026-08-15
CFG-005,IN_PROGRESS,"backend/app/domain/master_config.py; backend/app/application/configuration_workflow.py; backend/app/api/configuration.py; backend/app/infrastructure/master_config.py; backend/app/domain/data_review.py; backend/app/infrastructure/data_review.py; frontend/src/ConfigurationWorkspacePanel.tsx; backend/migrations/versions/0005_persist_data_status_review.py",DQ-P1-MASTER-003;DQ-P1-MASTER-004;DQ-P1-MASTER-007;DQ-P1-DSTAT-001;DQ-P1-DSTAT-007;DQ-P1-CFGUI-004,reports/gates/PHASE_1_GATE_REPORT.md,"The setup UI preserves user-entered exact Decimal limits, unit, revision source, effectivity, and reason in a first immutable Draft; actual company values and qualitative rules are external.",2026-08-15
CFG-006,IN_PROGRESS,"backend/app/application/master_config_commands.py; backend/app/application/configuration_workflow.py; backend/app/api/configuration.py; backend/app/infrastructure/master_config.py; frontend/src/ConfigurationWorkspacePanel.tsx",DQ-P1-MASTER-003;DQ-P1-MASTER-004;DQ-P1-MASTER-010;DQ-P1-CFGUI-005,reports/gates/PHASE_1_GATE_REPORT.md,"The Korean setup UI keeps Master Draft review separate and rejects direct Draft approval; supplier evidence cannot change Master automatically.",2026-08-15
CFG-007,IN_PROGRESS,"backend/app/infrastructure/master_config.py; backend/app/infrastructure/data_review.py; backend/app/application/historical_comparison.py; frontend/src/HistoricalWorkspacePanel.tsx",DQ-P1-MASTER-004;DQ-P1-MASTER-007;DQ-P1-DSTAT-007;DQ-P2-HIST-003,reports/gates/PHASE_2_GATE_REPORT.md,"Historical comparison preserves the exact Master revision and period applied by the original decision; current-Master re-evaluation remains absent.",2026-08-16
CFG-009,IN_PROGRESS,"backend/app/infrastructure/master_config.py; backend/app/infrastructure/data_review.py; backend/app/application/historical_comparison.py",DQ-P1-MASTER-004;DQ-P1-MASTER-007;DQ-P1-DSTAT-007;DQ-P2-HIST-002;DQ-P2-HIST-003,reports/gates/PHASE_2_GATE_REPORT.md,"Predecessor and successor Mapping/Master periods and applied decision evidence remain distinguishable; revision-segmented statistics are not implemented.",2026-08-16
CFG-016,IN_PROGRESS,"backend/app/domain/master_config.py; backend/app/application/master_config_commands.py; backend/app/application/configuration_workflow.py; backend/app/api/configuration.py; backend/app/domain/data_review.py; backend/app/infrastructure/data_review.py; frontend/src/ConfigurationWorkspacePanel.tsx",DQ-P1-MASTER-002;DQ-P1-MASTER-006;DQ-P1-MASTER-010;DQ-P1-DSTAT-006;DQ-P1-CFGUI-002;DQ-P1-CFGUI-003,reports/gates/PHASE_1_GATE_REPORT.md,"The setup UI creates independent Supplier and Item identities and requires explicit disposition; CANDIDATE is ineligible, MANAGED can be evaluated, and EXCLUDED remains explicit.",2026-08-15
ING-041,IN_PROGRESS,"backend/app/domain/data_review.py; backend/app/application/data_review.py; backend/app/application/bulk_finalization.py; backend/app/api/bulk_finalization.py; backend/app/domain/result_replacement.py; backend/app/application/result_replacement.py; backend/app/api/result_replacement.py",DQ-P1-DSTAT-002;DQ-P1-DSTAT-003;DQ-P1-DSTAT-009;DQ-P2-BULKFINAL-002;DQ-P2-REPL-001;DQ-P2-REPL-003;DQ-P2-REPL-004;DQ-P2-REPL-006;DQ-P2-REPLUI-002,reports/gates/PHASE_2_GATE_REPORT.md,"Explicit batch confirmation still creates PENDING/HELD Long rows only; a separate confirmed ADMIN pair command may replace one eligible result with one reviewed PENDING successor, and no automatic VALID or REPLACED transition exists.",2026-08-16
ANA-011,IN_PROGRESS,"backend/app/infrastructure/data_review.py",DQ-P1-DSTAT-010,reports/gates/PHASE_1_GATE_REPORT.md,"The official selector requires both result and measurement to be VALID; Control Limit calculation and analytical segmentation remain Phase 4.",2026-08-15
ARC-022,IN_PROGRESS,"packaging/extension-manifest.json; packaging/Launch-MassProductionQualityValidation.ps1; scripts/release/package_tool.py; scripts/release/Install-Package.ps1",DQ-P1-WINPKG-001;DQ-P1-WINPKG-003;DQ-P1-WINPKG-006,reports/gates/PHASE_1_GATE_REPORT.md,"A current-user opt-in local extension package exists without registry, autostart, service, or Scheduler mutation; Scheduler discovery remains Phase 5.",2026-08-15
ARC-023,IN_PROGRESS,"packaging/extension-manifest.json; packaging/Launch-MassProductionQualityValidation.ps1; scripts/release/package_tool.py",DQ-P1-WINPKG-003;DQ-P1-WINPKG-004;DQ-P1-WINPKG-005,reports/gates/PHASE_1_GATE_REPORT.md,"Code and data roots are disjoint and atomic install/update/remove preserves user data; an embedded Python/offline wheelhouse is not included.",2026-08-15
ARC-028,IN_PROGRESS,"packaging/extension-manifest.json; scripts/release/package_tool.py; scripts/release/Build-Package.ps1; scripts/release/Install-Package.ps1",DQ-P1-WINPKG-002;DQ-P1-WINPKG-004;DQ-P1-WINPKG-005;DQ-P1-WINPKG-006,reports/gates/PHASE_1_GATE_REPORT.md,"Extension ID, DQ version, package contract major, per-file hashes, and rollback are enforced; Scheduler version and discovery compatibility remain UNVERIFIED and BLOCKED_BY_INPUT.",2026-08-15
ING-013,IN_PROGRESS,"backend/app/application/bulk_import.py; backend/app/infrastructure/bulk_import.py; backend/app/api/bulk.py; frontend/src/BulkWorkspacePanel.tsx; backend/migrations/versions/0006_persist_bulk_import.py",DQ-P2-BULK-001;DQ-P2-BULK-002;DQ-P2-BULK-010;DQ-P2-BULKUI-001;DQ-P2-BULKUI-003,reports/gates/PHASE_2_GATE_REPORT.md,"Selected historical workbooks can be durably staged, project-scoped after restart, and reuse one approved representative Mapping; actual company historical acceptance remains BLOCKED_BY_INPUT.",2026-08-15
ING-014,IN_PROGRESS,"backend/app/domain/bulk_import.py; backend/app/application/bulk_import.py; backend/app/application/bulk_finalization.py; frontend/src/HistoricalWorkspacePanel.tsx",DQ-P2-BULK-003;DQ-P2-BULK-005;DQ-P2-BULK-007;DQ-P2-BULKFINAL-003,reports/gates/PHASE_2_GATE_REPORT.md,"Candidate-ready files have no individual approval; typed exceptions are excluded with proof while eligible siblings continue in the batch-wide command.",2026-08-16
ING-016,IN_PROGRESS,"backend/app/domain/bulk_finalization.py; backend/app/application/bulk_finalization.py; backend/app/api/bulk_finalization.py; frontend/src/HistoricalWorkspacePanel.tsx; backend/migrations/versions/0007_persist_bulk_finalization.py",DQ-P2-BULK-001;DQ-P2-BULKFINAL-001;DQ-P2-BULKFINAL-002;DQ-P2-BULKFINALUI-001;DQ-P2-BULKFINALUI-002;DQ-P2-BULKFINALUI-003,reports/gates/PHASE_2_GATE_REPORT.md,"A user can explicitly confirm the immutable eligible set and materialize it PENDING/HELD; unresolved exceptions and missing Golden evidence keep the initial database Gate incomplete.",2026-08-16
ARC-021,IN_PROGRESS,"backend/app/application/historical_comparison.py; backend/app/api/historical_comparison.py",DQ-P2-HIST-004,reports/gates/PHASE_2_GATE_REPORT.md,"On-demand comparison returns bounded stored evidence and lightweight revision/count deltas without persisting duplicate statistics snapshots.",2026-08-16
UIX-028,IN_PROGRESS,"backend/app/application/historical_comparison.py; backend/app/api/historical_comparison.py; frontend/src/HistoricalWorkspacePanel.tsx",DQ-P2-HIST-001;DQ-P2-HIST-002;DQ-P2-HIST-003;DQ-P2-HIST-004;DQ-P2-HISTUI-001;DQ-P2-HISTUI-002,reports/gates/PHASE_2_GATE_REPORT.md,"Two explicit date windows are compared only on user request; this foundation shows raw provenance and structural deltas but performs no trend or statistical analysis.",2026-08-16
ING-017,IN_PROGRESS,"backend/app/application/bulk_import.py; backend/app/application/mapping_workspace.py",DQ-P2-BULK-002;DQ-P2-BULK-009,reports/gates/PHASE_2_GATE_REPORT.md,"Approved Mapping is reused across a selected durable local batch; Scheduler queue backlog application remains Phase 5.",2026-08-15
ING-039,IN_PROGRESS,"backend/app/application/bulk_import.py; backend/app/infrastructure/bulk_import.py; backend/app/domain/result_replacement.py; backend/app/application/result_replacement.py; frontend/src/BulkWorkspacePanel.tsx",DQ-P2-BULK-006;DQ-P2-BULK-007;DQ-P2-REPL-002;DQ-P2-REPL-003,reports/gates/PHASE_2_GATE_REPORT.md,"Same-LOT exact bytes, same-evidence retest containers, and changed-evidence revision candidates are separated; an exact same-identity correction can be proposed for explicit paired review but is never replaced automatically.",2026-08-16
ING-040,IN_PROGRESS,"backend/app/application/bulk_import.py; backend/app/infrastructure/bulk_import.py; backend/app/domain/result_replacement.py; backend/app/application/result_replacement.py",DQ-P2-BULK-007;DQ-P2-REPL-002,reports/gates/PHASE_2_GATE_REPORT.md,"Same supplier/model/part/LOT content changes are detected without relying on filename and preserve bounded exact field and full measurement-set digest evidence.",2026-08-16
ING-042,IN_PROGRESS,"backend/app/application/bulk_import.py; backend/app/api/bulk.py; backend/app/domain/result_replacement.py; backend/app/application/result_replacement.py; backend/app/infrastructure/result_replacement.py; backend/app/api/result_replacement.py; backend/app/application/historical_comparison.py; frontend/src/BulkWorkspacePanel.tsx; frontend/src/HistoricalWorkspacePanel.tsx; frontend/src/api/replacement.ts; backend/migrations/versions/0008_persist_result_replacement_chain.py",DQ-P2-BULK-007;DQ-P2-BULKUI-002;DQ-P2-REPL-003;DQ-P2-REPL-004;DQ-P2-REPL-005;DQ-P2-REPL-007;DQ-P2-REPL-009;DQ-P2-REPL-010;DQ-P2-REPLUI-001,reports/gates/PHASE_2_GATE_REPORT.md,"Bulk revision candidates remain review-only; a separate audited ADMIN pair command creates a bounded REPLACED -> VALID result chain with replay protection, while automatic selection and official statistics remain absent.",2026-08-16
ING-043,IN_PROGRESS,"backend/app/application/bulk_import.py; backend/app/domain/bulk_import.py; backend/app/domain/result_replacement.py; backend/app/application/result_replacement.py; frontend/src/BulkWorkspacePanel.tsx; frontend/src/HistoricalWorkspacePanel.tsx; frontend/src/api/replacement.ts",DQ-P2-BULK-007;DQ-P2-BULKUI-002;DQ-P2-REPL-002;DQ-P2-REPLUI-001;DQ-P2-REPLUI-002,reports/gates/PHASE_2_GATE_REPORT.md,"Exact NG/FAIL-to-PASS corrections are flagged as high risk; tolerance, sample, and source changes remain CHANGED and NOT_EVALUABLE, and no broader company risk policy is inferred.",2026-08-16
